Medico;Especialidad;Consultorio;Dia;Hora;Practica;Estado;Paciente
Dr. Casanova Saul;Gastroenterologo;Consultorio 36;Lunes;09:00;Consulta;DISPONIBLE;-
Dr. Casanova Saul;Gastroenterologo;Consultorio 36;Lunes;09:00;Endoscopia;DISPONIBLE;-
Dr. Casanova Saul;Gastroenterologo;Consultorio 36;Lunes;10:00;Consulta;DISPONIBLE;-
Dr. Casanova Saul;Gastroenterologo;Consultorio 36;Lunes;10:00;Endoscopia;DISPONIBLE;-
Dr. Casanova Saul;Gastroenterologo;Consultorio 36;Lunes;11:00;Consulta;DISPONIBLE;-
Dr. Casanova Saul;Gastroenterologo;Consultorio 36;Lunes;11:00;Endoscopia;DISPONIBLE;-
Dr. Casanova Saul;Gastroenterologo;Consultorio 36;Lunes;12:00;Consulta;DISPONIBLE;-
Dr. Casanova Saul;Gastroenterologo;Consultorio 36;Lunes;12:00;Endoscopia;DISPONIBLE;-
Dr. Casanova Saul;Gastroenterologo;Consultorio 36;Lunes;13:00;Consulta;DISPONIBLE;-
Dr. Casanova Saul;Gastroenterologo;Consultorio 36;Lunes;13:00;Endoscopia;DISPONIBLE;-
Dr. Casanova Saul;Gastroenterologo;Consultorio 36;Lunes;14:00;Consulta;DISPONIBLE;-
Dr. Casanova Saul;Gastroenterologo;Consultorio 36;Lunes;14:00;Endoscopia;DISPONIBLE;-
Dr. Casanova Saul;Gastroenterologo;Consultorio 36;Lunes;15:00;Consulta;DISPONIBLE;-
Dr. Casanova Saul;Gastroenterologo;Consultorio 36;Lunes;15:00;Endoscopia;DISPONIBLE;-
Dr. Casanova Saul;Gastroenterologo;Consultorio 36;Lunes;16:00;Consulta;DISPONIBLE;-
Dr. Casanova Saul;Gastroenterologo;Consultorio 36;Lunes;16:00;Endoscopia;DISPONIBLE;-
Dr. Casanova Saul;Gastroenterologo;Consultorio 36;Lunes;17:00;Consulta;DISPONIBLE;-
Dr. Casanova Saul;Gastroenterologo;Consultorio 36;Lunes;17:00;Endoscopia;DISPONIBLE;-
Dr. Casanova Saul;Gastroenterologo;Consultorio 36;Martes;09:00;Consulta;DISPONIBLE;-
Dr. Casanova Saul;Gastroenterologo;Consultorio 36;Martes;09:00;Endoscopia;DISPONIBLE;-
Dr. Casanova Saul;Gastroenterologo;Consultorio 36;Martes;10:00;Consulta;DISPONIBLE;-
Dr. Casanova Saul;Gastroenterologo;Consultorio 36;Martes;10:00;Endoscopia;DISPONIBLE;-
Dr. Casanova Saul;Gastroenterologo;Consultorio 36;Martes;11:00;Consulta;DISPONIBLE;-
Dr. Casanova Saul;Gastroenterologo;Consultorio 36;Martes;11:00;Endoscopia;DISPONIBLE;-
Dr. Casanova Saul;Gastroenterologo;Consultorio 36;Martes;12:00;Consulta;DISPONIBLE;-
Dr. Casanova Saul;Gastroenterologo;Consultorio 36;Martes;12:00;Endoscopia;DISPONIBLE;-
Dr. Casanova Saul;Gastroenterologo;Consultorio 36;Martes;13:00;Consulta;DISPONIBLE;-
Dr. Casanova Saul;Gastroenterologo;Consultorio 36;Martes;13:00;Endoscopia;DISPONIBLE;-
Dr. Casanova Saul;Gastroenterologo;Consultorio 36;Martes;14:00;Consulta;DISPONIBLE;-
Dr. Casanova Saul;Gastroenterologo;Consultorio 36;Martes;14:00;Endoscopia;DISPONIBLE;-
Dr. Casanova Saul;Gastroenterologo;Consultorio 36;Martes;15:00;Consulta;DISPONIBLE;-
Dr. Casanova Saul;Gastroenterologo;Consultorio 36;Martes;15:00;Endoscopia;DISPONIBLE;-
Dr. Casanova Saul;Gastroenterologo;Consultorio 36;Martes;16:00;Consulta;DISPONIBLE;-
Dr. Casanova Saul;Gastroenterologo;Consultorio 36;Martes;16:00;Endoscopia;DISPONIBLE;-
Dr. Casanova Saul;Gastroenterologo;Consultorio 36;Martes;17:00;Consulta;DISPONIBLE;-
Dr. Casanova Saul;Gastroenterologo;Consultorio 36;Martes;17:00;Endoscopia;DISPONIBLE;-
Dr. Casanova Saul;Gastroenterologo;Consultorio 36;Miercoles;09:00;Consulta;DISPONIBLE;-
Dr. Casanova Saul;Gastroenterologo;Consultorio 36;Miercoles;09:00;Endoscopia;DISPONIBLE;-
Dr. Casanova Saul;Gastroenterologo;Consultorio 36;Miercoles;10:00;Consulta;DISPONIBLE;-
Dr. Casanova Saul;Gastroenterologo;Consultorio 36;Miercoles;10:00;Endoscopia;DISPONIBLE;-
Dr. Casanova Saul;Gastroenterologo;Consultorio 36;Miercoles;11:00;Consulta;DISPONIBLE;-
Dr. Casanova Saul;Gastroenterologo;Consultorio 36;Miercoles;11:00;Endoscopia;DISPONIBLE;-
Dr. Casanova Saul;Gastroenterologo;Consultorio 36;Miercoles;12:00;Consulta;DISPONIBLE;-
Dr. Casanova Saul;Gastroenterologo;Consultorio 36;Miercoles;12:00;Endoscopia;DISPONIBLE;-
Dr. Casanova Saul;Gastroenterologo;Consultorio 36;Miercoles;13:00;Consulta;DISPONIBLE;-
Dr. Casanova Saul;Gastroenterologo;Consultorio 36;Miercoles;13:00;Endoscopia;DISPONIBLE;-
Dr. Casanova Saul;Gastroenterologo;Consultorio 36;Miercoles;14:00;Consulta;DISPONIBLE;-
Dr. Casanova Saul;Gastroenterologo;Consultorio 36;Miercoles;14:00;Endoscopia;DISPONIBLE;-
Dr. Casanova Saul;Gastroenterologo;Consultorio 36;Miercoles;15:00;Consulta;DISPONIBLE;-
Dr. Casanova Saul;Gastroenterologo;Consultorio 36;Miercoles;15:00;Endoscopia;DISPONIBLE;-
Dr. Casanova Saul;Gastroenterologo;Consultorio 36;Miercoles;16:00;Consulta;DISPONIBLE;-
Dr. Casanova Saul;Gastroenterologo;Consultorio 36;Miercoles;16:00;Endoscopia;DISPONIBLE;-
Dr. Casanova Saul;Gastroenterologo;Consultorio 36;Miercoles;17:00;Consulta;DISPONIBLE;-
Dr. Casanova Saul;Gastroenterologo;Consultorio 36;Miercoles;17:00;Endoscopia;DISPONIBLE;-
Dr. Casanova Saul;Gastroenterologo;Consultorio 36;Jueves;09:00;Consulta;DISPONIBLE;-
Dr. Casanova Saul;Gastroenterologo;Consultorio 36;Jueves;09:00;Endoscopia;DISPONIBLE;-
Dr. Casanova Saul;Gastroenterologo;Consultorio 36;Jueves;10:00;Consulta;DISPONIBLE;-
Dr. Casanova Saul;Gastroenterologo;Consultorio 36;Jueves;10:00;Endoscopia;DISPONIBLE;-
Dr. Casanova Saul;Gastroenterologo;Consultorio 36;Jueves;11:00;Consulta;DISPONIBLE;-
Dr. Casanova Saul;Gastroenterologo;Consultorio 36;Jueves;11:00;Endoscopia;DISPONIBLE;-
Dr. Casanova Saul;Gastroenterologo;Consultorio 36;Jueves;12:00;Consulta;DISPONIBLE;-
Dr. Casanova Saul;Gastroenterologo;Consultorio 36;Jueves;12:00;Endoscopia;DISPONIBLE;-
Dr. Casanova Saul;Gastroenterologo;Consultorio 36;Jueves;13:00;Consulta;DISPONIBLE;-
Dr. Casanova Saul;Gastroenterologo;Consultorio 36;Jueves;13:00;Endoscopia;DISPONIBLE;-
Dr. Casanova Saul;Gastroenterologo;Consultorio 36;Jueves;14:00;Consulta;DISPONIBLE;-
Dr. Casanova Saul;Gastroenterologo;Consultorio 36;Jueves;14:00;Endoscopia;DISPONIBLE;-
Dr. Casanova Saul;Gastroenterologo;Consultorio 36;Jueves;15:00;Consulta;DISPONIBLE;-
Dr. Casanova Saul;Gastroenterologo;Consultorio 36;Jueves;15:00;Endoscopia;DISPONIBLE;-
Dr. Casanova Saul;Gastroenterologo;Consultorio 36;Jueves;16:00;Consulta;DISPONIBLE;-
Dr. Casanova Saul;Gastroenterologo;Consultorio 36;Jueves;16:00;Endoscopia;DISPONIBLE;-
Dr. Casanova Saul;Gastroenterologo;Consultorio 36;Jueves;17:00;Consulta;DISPONIBLE;-
Dr. Casanova Saul;Gastroenterologo;Consultorio 36;Jueves;17:00;Endoscopia;DISPONIBLE;-
Dr. Casanova Saul;Gastroenterologo;Consultorio 36;Viernes;09:00;Consulta;DISPONIBLE;-
Dr. Casanova Saul;Gastroenterologo;Consultorio 36;Viernes;09:00;Endoscopia;DISPONIBLE;-
Dr. Casanova Saul;Gastroenterologo;Consultorio 36;Viernes;10:00;Consulta;DISPONIBLE;-
Dr. Casanova Saul;Gastroenterologo;Consultorio 36;Viernes;10:00;Endoscopia;DISPONIBLE;-
Dr. Casanova Saul;Gastroenterologo;Consultorio 36;Viernes;11:00;Consulta;DISPONIBLE;-
Dr. Casanova Saul;Gastroenterologo;Consultorio 36;Viernes;11:00;Endoscopia;DISPONIBLE;-
Dr. Casanova Saul;Gastroenterologo;Consultorio 36;Viernes;12:00;Consulta;DISPONIBLE;-
Dr. Casanova Saul;Gastroenterologo;Consultorio 36;Viernes;12:00;Endoscopia;DISPONIBLE;-
Dr. Casanova Saul;Gastroenterologo;Consultorio 36;Viernes;13:00;Consulta;DISPONIBLE;-
Dr. Casanova Saul;Gastroenterologo;Consultorio 36;Viernes;13:00;Endoscopia;DISPONIBLE;-
Dr. Casanova Saul;Gastroenterologo;Consultorio 36;Viernes;14:00;Consulta;DISPONIBLE;-
Dr. Casanova Saul;Gastroenterologo;Consultorio 36;Viernes;14:00;Endoscopia;DISPONIBLE;-
Dr. Casanova Saul;Gastroenterologo;Consultorio 36;Viernes;15:00;Consulta;DISPONIBLE;-
Dr. Casanova Saul;Gastroenterologo;Consultorio 36;Viernes;15:00;Endoscopia;DISPONIBLE;-
Dr. Casanova Saul;Gastroenterologo;Consultorio 36;Viernes;16:00;Consulta;DISPONIBLE;-
Dr. Casanova Saul;Gastroenterologo;Consultorio 36;Viernes;16:00;Endoscopia;DISPONIBLE;-
Dr. Casanova Saul;Gastroenterologo;Consultorio 36;Viernes;17:00;Consulta;DISPONIBLE;-
Dr. Casanova Saul;Gastroenterologo;Consultorio 36;Viernes;17:00;Endoscopia;DISPONIBLE;-
Dra. Alonso Cristina;Gastroenterologo;Consultorio 37;Lunes;09:00;Consulta;DISPONIBLE;-
Dra. Alonso Cristina;Gastroenterologo;Consultorio 37;Lunes;09:00;Endoscopia;DISPONIBLE;-
Dra. Alonso Cristina;Gastroenterologo;Consultorio 37;Lunes;10:00;Consulta;DISPONIBLE;-
Dra. Alonso Cristina;Gastroenterologo;Consultorio 37;Lunes;10:00;Endoscopia;DISPONIBLE;-
Dra. Alonso Cristina;Gastroenterologo;Consultorio 37;Lunes;11:00;Consulta;DISPONIBLE;-
Dra. Alonso Cristina;Gastroenterologo;Consultorio 37;Lunes;11:00;Endoscopia;DISPONIBLE;-
Dra. Alonso Cristina;Gastroenterologo;Consultorio 37;Lunes;12:00;Consulta;DISPONIBLE;-
Dra. Alonso Cristina;Gastroenterologo;Consultorio 37;Lunes;12:00;Endoscopia;DISPONIBLE;-
Dra. Alonso Cristina;Gastroenterologo;Consultorio 37;Lunes;13:00;Consulta;DISPONIBLE;-
Dra. Alonso Cristina;Gastroenterologo;Consultorio 37;Lunes;13:00;Endoscopia;DISPONIBLE;-
Dra. Alonso Cristina;Gastroenterologo;Consultorio 37;Lunes;14:00;Consulta;DISPONIBLE;-
Dra. Alonso Cristina;Gastroenterologo;Consultorio 37;Lunes;14:00;Endoscopia;DISPONIBLE;-
Dra. Alonso Cristina;Gastroenterologo;Consultorio 37;Lunes;15:00;Consulta;DISPONIBLE;-
Dra. Alonso Cristina;Gastroenterologo;Consultorio 37;Lunes;15:00;Endoscopia;DISPONIBLE;-
Dra. Alonso Cristina;Gastroenterologo;Consultorio 37;Lunes;16:00;Consulta;DISPONIBLE;-
Dra. Alonso Cristina;Gastroenterologo;Consultorio 37;Lunes;16:00;Endoscopia;DISPONIBLE;-
Dra. Alonso Cristina;Gastroenterologo;Consultorio 37;Lunes;17:00;Consulta;DISPONIBLE;-
Dra. Alonso Cristina;Gastroenterologo;Consultorio 37;Lunes;17:00;Endoscopia;DISPONIBLE;-
Dra. Alonso Cristina;Gastroenterologo;Consultorio 37;Martes;09:00;Consulta;DISPONIBLE;-
Dra. Alonso Cristina;Gastroenterologo;Consultorio 37;Martes;09:00;Endoscopia;DISPONIBLE;-
Dra. Alonso Cristina;Gastroenterologo;Consultorio 37;Martes;10:00;Consulta;DISPONIBLE;-
Dra. Alonso Cristina;Gastroenterologo;Consultorio 37;Martes;10:00;Endoscopia;DISPONIBLE;-
Dra. Alonso Cristina;Gastroenterologo;Consultorio 37;Martes;11:00;Consulta;DISPONIBLE;-
Dra. Alonso Cristina;Gastroenterologo;Consultorio 37;Martes;11:00;Endoscopia;DISPONIBLE;-
Dra. Alonso Cristina;Gastroenterologo;Consultorio 37;Martes;12:00;Consulta;DISPONIBLE;-
Dra. Alonso Cristina;Gastroenterologo;Consultorio 37;Martes;12:00;Endoscopia;DISPONIBLE;-
Dra. Alonso Cristina;Gastroenterologo;Consultorio 37;Martes;13:00;Consulta;DISPONIBLE;-
Dra. Alonso Cristina;Gastroenterologo;Consultorio 37;Martes;13:00;Endoscopia;DISPONIBLE;-
Dra. Alonso Cristina;Gastroenterologo;Consultorio 37;Martes;14:00;Consulta;DISPONIBLE;-
Dra. Alonso Cristina;Gastroenterologo;Consultorio 37;Martes;14:00;Endoscopia;DISPONIBLE;-
Dra. Alonso Cristina;Gastroenterologo;Consultorio 37;Martes;15:00;Consulta;DISPONIBLE;-
Dra. Alonso Cristina;Gastroenterologo;Consultorio 37;Martes;15:00;Endoscopia;DISPONIBLE;-
Dra. Alonso Cristina;Gastroenterologo;Consultorio 37;Martes;16:00;Consulta;DISPONIBLE;-
Dra. Alonso Cristina;Gastroenterologo;Consultorio 37;Martes;16:00;Endoscopia;DISPONIBLE;-
Dra. Alonso Cristina;Gastroenterologo;Consultorio 37;Martes;17:00;Consulta;DISPONIBLE;-
Dra. Alonso Cristina;Gastroenterologo;Consultorio 37;Martes;17:00;Endoscopia;DISPONIBLE;-
Dra. Alonso Cristina;Gastroenterologo;Consultorio 37;Miercoles;09:00;Consulta;DISPONIBLE;-
Dra. Alonso Cristina;Gastroenterologo;Consultorio 37;Miercoles;09:00;Endoscopia;DISPONIBLE;-
Dra. Alonso Cristina;Gastroenterologo;Consultorio 37;Miercoles;10:00;Consulta;DISPONIBLE;-
Dra. Alonso Cristina;Gastroenterologo;Consultorio 37;Miercoles;10:00;Endoscopia;DISPONIBLE;-
Dra. Alonso Cristina;Gastroenterologo;Consultorio 37;Miercoles;11:00;Consulta;DISPONIBLE;-
Dra. Alonso Cristina;Gastroenterologo;Consultorio 37;Miercoles;11:00;Endoscopia;DISPONIBLE;-
Dra. Alonso Cristina;Gastroenterologo;Consultorio 37;Miercoles;12:00;Consulta;DISPONIBLE;-
Dra. Alonso Cristina;Gastroenterologo;Consultorio 37;Miercoles;12:00;Endoscopia;DISPONIBLE;-
Dra. Alonso Cristina;Gastroenterologo;Consultorio 37;Miercoles;13:00;Consulta;DISPONIBLE;-
Dra. Alonso Cristina;Gastroenterologo;Consultorio 37;Miercoles;13:00;Endoscopia;DISPONIBLE;-
Dra. Alonso Cristina;Gastroenterologo;Consultorio 37;Miercoles;14:00;Consulta;DISPONIBLE;-
Dra. Alonso Cristina;Gastroenterologo;Consultorio 37;Miercoles;14:00;Endoscopia;DISPONIBLE;-
Dra. Alonso Cristina;Gastroenterologo;Consultorio 37;Miercoles;15:00;Consulta;DISPONIBLE;-
Dra. Alonso Cristina;Gastroenterologo;Consultorio 37;Miercoles;15:00;Endoscopia;DISPONIBLE;-
Dra. Alonso Cristina;Gastroenterologo;Consultorio 37;Miercoles;16:00;Consulta;DISPONIBLE;-
Dra. Alonso Cristina;Gastroenterologo;Consultorio 37;Miercoles;16:00;Endoscopia;DISPONIBLE;-
Dra. Alonso Cristina;Gastroenterologo;Consultorio 37;Miercoles;17:00;Consulta;DISPONIBLE;-
Dra. Alonso Cristina;Gastroenterologo;Consultorio 37;Miercoles;17:00;Endoscopia;DISPONIBLE;-
Dra. Alonso Cristina;Gastroenterologo;Consultorio 37;Jueves;09:00;Consulta;DISPONIBLE;-
Dra. Alonso Cristina;Gastroenterologo;Consultorio 37;Jueves;09:00;Endoscopia;DISPONIBLE;-
Dra. Alonso Cristina;Gastroenterologo;Consultorio 37;Jueves;10:00;Consulta;DISPONIBLE;-
Dra. Alonso Cristina;Gastroenterologo;Consultorio 37;Jueves;10:00;Endoscopia;DISPONIBLE;-
Dra. Alonso Cristina;Gastroenterologo;Consultorio 37;Jueves;11:00;Consulta;DISPONIBLE;-
Dra. Alonso Cristina;Gastroenterologo;Consultorio 37;Jueves;11:00;Endoscopia;DISPONIBLE;-
Dra. Alonso Cristina;Gastroenterologo;Consultorio 37;Jueves;12:00;Consulta;DISPONIBLE;-
Dra. Alonso Cristina;Gastroenterologo;Consultorio 37;Jueves;12:00;Endoscopia;DISPONIBLE;-
Dra. Alonso Cristina;Gastroenterologo;Consultorio 37;Jueves;13:00;Consulta;DISPONIBLE;-
Dra. Alonso Cristina;Gastroenterologo;Consultorio 37;Jueves;13:00;Endoscopia;DISPONIBLE;-
Dra. Alonso Cristina;Gastroenterologo;Consultorio 37;Jueves;14:00;Consulta;DISPONIBLE;-
Dra. Alonso Cristina;Gastroenterologo;Consultorio 37;Jueves;14:00;Endoscopia;DISPONIBLE;-
Dra. Alonso Cristina;Gastroenterologo;Consultorio 37;Jueves;15:00;Consulta;DISPONIBLE;-
Dra. Alonso Cristina;Gastroenterologo;Consultorio 37;Jueves;15:00;Endoscopia;DISPONIBLE;-
Dra. Alonso Cristina;Gastroenterologo;Consultorio 37;Jueves;16:00;Consulta;DISPONIBLE;-
Dra. Alonso Cristina;Gastroenterologo;Consultorio 37;Jueves;16:00;Endoscopia;DISPONIBLE;-
Dra. Alonso Cristina;Gastroenterologo;Consultorio 37;Jueves;17:00;Consulta;DISPONIBLE;-
Dra. Alonso Cristina;Gastroenterologo;Consultorio 37;Jueves;17:00;Endoscopia;DISPONIBLE;-
Dra. Alonso Cristina;Gastroenterologo;Consultorio 37;Viernes;09:00;Consulta;DISPONIBLE;-
Dra. Alonso Cristina;Gastroenterologo;Consultorio 37;Viernes;09:00;Endoscopia;DISPONIBLE;-
Dra. Alonso Cristina;Gastroenterologo;Consultorio 37;Viernes;10:00;Consulta;DISPONIBLE;-
Dra. Alonso Cristina;Gastroenterologo;Consultorio 37;Viernes;10:00;Endoscopia;DISPONIBLE;-
Dra. Alonso Cristina;Gastroenterologo;Consultorio 37;Viernes;11:00;Consulta;DISPONIBLE;-
Dra. Alonso Cristina;Gastroenterologo;Consultorio 37;Viernes;11:00;Endoscopia;DISPONIBLE;-
Dra. Alonso Cristina;Gastroenterologo;Consultorio 37;Viernes;12:00;Consulta;DISPONIBLE;-
Dra. Alonso Cristina;Gastroenterologo;Consultorio 37;Viernes;12:00;Endoscopia;DISPONIBLE;-
Dra. Alonso Cristina;Gastroenterologo;Consultorio 37;Viernes;13:00;Consulta;DISPONIBLE;-
Dra. Alonso Cristina;Gastroenterologo;Consultorio 37;Viernes;13:00;Endoscopia;DISPONIBLE;-
Dra. Alonso Cristina;Gastroenterologo;Consultorio 37;Viernes;14:00;Consulta;DISPONIBLE;-
Dra. Alonso Cristina;Gastroenterologo;Consultorio 37;Viernes;14:00;Endoscopia;DISPONIBLE;-
Dra. Alonso Cristina;Gastroenterologo;Consultorio 37;Viernes;15:00;Consulta;DISPONIBLE;-
Dra. Alonso Cristina;Gastroenterologo;Consultorio 37;Viernes;15:00;Endoscopia;DISPONIBLE;-
Dra. Alonso Cristina;Gastroenterologo;Consultorio 37;Viernes;16:00;Consulta;DISPONIBLE;-
Dra. Alonso Cristina;Gastroenterologo;Consultorio 37;Viernes;16:00;Endoscopia;DISPONIBLE;-
Dra. Alonso Cristina;Gastroenterologo;Consultorio 37;Viernes;17:00;Consulta;DISPONIBLE;-
Dra. Alonso Cristina;Gastroenterologo;Consultorio 37;Viernes;17:00;Endoscopia;DISPONIBLE;-
Dr. Cabrera Luis;Gastroenterologo;Consultorio 38;Lunes;09:00;Consulta;DISPONIBLE;-
Dr. Cabrera Luis;Gastroenterologo;Consultorio 38;Lunes;09:00;Endoscopia;DISPONIBLE;-
Dr. Cabrera Luis;Gastroenterologo;Consultorio 38;Lunes;10:00;Consulta;DISPONIBLE;-
Dr. Cabrera Luis;Gastroenterologo;Consultorio 38;Lunes;10:00;Endoscopia;DISPONIBLE;-
Dr. Cabrera Luis;Gastroenterologo;Consultorio 38;Lunes;11:00;Consulta;DISPONIBLE;-
Dr. Cabrera Luis;Gastroenterologo;Consultorio 38;Lunes;11:00;Endoscopia;DISPONIBLE;-
Dr. Cabrera Luis;Gastroenterologo;Consultorio 38;Lunes;12:00;Consulta;DISPONIBLE;-
Dr. Cabrera Luis;Gastroenterologo;Consultorio 38;Lunes;12:00;Endoscopia;DISPONIBLE;-
Dr. Cabrera Luis;Gastroenterologo;Consultorio 38;Lunes;13:00;Consulta;DISPONIBLE;-
Dr. Cabrera Luis;Gastroenterologo;Consultorio 38;Lunes;13:00;Endoscopia;DISPONIBLE;-
Dr. Cabrera Luis;Gastroenterologo;Consultorio 38;Lunes;14:00;Consulta;DISPONIBLE;-
Dr. Cabrera Luis;Gastroenterologo;Consultorio 38;Lunes;14:00;Endoscopia;DISPONIBLE;-
Dr. Cabrera Luis;Gastroenterologo;Consultorio 38;Lunes;15:00;Consulta;DISPONIBLE;-
Dr. Cabrera Luis;Gastroenterologo;Consultorio 38;Lunes;15:00;Endoscopia;DISPONIBLE;-
Dr. Cabrera Luis;Gastroenterologo;Consultorio 38;Lunes;16:00;Consulta;DISPONIBLE;-
Dr. Cabrera Luis;Gastroenterologo;Consultorio 38;Lunes;16:00;Endoscopia;DISPONIBLE;-
Dr. Cabrera Luis;Gastroenterologo;Consultorio 38;Lunes;17:00;Consulta;DISPONIBLE;-
Dr. Cabrera Luis;Gastroenterologo;Consultorio 38;Lunes;17:00;Endoscopia;DISPONIBLE;-
Dr. Cabrera Luis;Gastroenterologo;Consultorio 38;Martes;09:00;Consulta;DISPONIBLE;-
Dr. Cabrera Luis;Gastroenterologo;Consultorio 38;Martes;09:00;Endoscopia;DISPONIBLE;-
Dr. Cabrera Luis;Gastroenterologo;Consultorio 38;Martes;10:00;Consulta;DISPONIBLE;-
Dr. Cabrera Luis;Gastroenterologo;Consultorio 38;Martes;10:00;Endoscopia;DISPONIBLE;-
Dr. Cabrera Luis;Gastroenterologo;Consultorio 38;Martes;11:00;Consulta;DISPONIBLE;-
Dr. Cabrera Luis;Gastroenterologo;Consultorio 38;Martes;11:00;Endoscopia;DISPONIBLE;-
Dr. Cabrera Luis;Gastroenterologo;Consultorio 38;Martes;12:00;Consulta;DISPONIBLE;-
Dr. Cabrera Luis;Gastroenterologo;Consultorio 38;Martes;12:00;Endoscopia;DISPONIBLE;-
Dr. Cabrera Luis;Gastroenterologo;Consultorio 38;Martes;13:00;Consulta;DISPONIBLE;-
Dr. Cabrera Luis;Gastroenterologo;Consultorio 38;Martes;13:00;Endoscopia;DISPONIBLE;-
Dr. Cabrera Luis;Gastroenterologo;Consultorio 38;Martes;14:00;Consulta;DISPONIBLE;-
Dr. Cabrera Luis;Gastroenterologo;Consultorio 38;Martes;14:00;Endoscopia;DISPONIBLE;-
Dr. Cabrera Luis;Gastroenterologo;Consultorio 38;Martes;15:00;Consulta;DISPONIBLE;-
Dr. Cabrera Luis;Gastroenterologo;Consultorio 38;Martes;15:00;Endoscopia;DISPONIBLE;-
Dr. Cabrera Luis;Gastroenterologo;Consultorio 38;Martes;16:00;Consulta;DISPONIBLE;-
Dr. Cabrera Luis;Gastroenterologo;Consultorio 38;Martes;16:00;Endoscopia;DISPONIBLE;-
Dr. Cabrera Luis;Gastroenterologo;Consultorio 38;Martes;17:00;Consulta;DISPONIBLE;-
Dr. Cabrera Luis;Gastroenterologo;Consultorio 38;Martes;17:00;Endoscopia;DISPONIBLE;-
Dr. Cabrera Luis;Gastroenterologo;Consultorio 38;Miercoles;09:00;Consulta;DISPONIBLE;-
Dr. Cabrera Luis;Gastroenterologo;Consultorio 38;Miercoles;09:00;Endoscopia;DISPONIBLE;-
Dr. Cabrera Luis;Gastroenterologo;Consultorio 38;Miercoles;10:00;Consulta;DISPONIBLE;-
Dr. Cabrera Luis;Gastroenterologo;Consultorio 38;Miercoles;10:00;Endoscopia;DISPONIBLE;-
Dr. Cabrera Luis;Gastroenterologo;Consultorio 38;Miercoles;11:00;Consulta;DISPONIBLE;-
Dr. Cabrera Luis;Gastroenterologo;Consultorio 38;Miercoles;11:00;Endoscopia;DISPONIBLE;-
Dr. Cabrera Luis;Gastroenterologo;Consultorio 38;Miercoles;12:00;Consulta;DISPONIBLE;-
Dr. Cabrera Luis;Gastroenterologo;Consultorio 38;Miercoles;12:00;Endoscopia;DISPONIBLE;-
Dr. Cabrera Luis;Gastroenterologo;Consultorio 38;Miercoles;13:00;Consulta;DISPONIBLE;-
Dr. Cabrera Luis;Gastroenterologo;Consultorio 38;Miercoles;13:00;Endoscopia;DISPONIBLE;-
Dr. Cabrera Luis;Gastroenterologo;Consultorio 38;Miercoles;14:00;Consulta;DISPONIBLE;-
Dr. Cabrera Luis;Gastroenterologo;Consultorio 38;Miercoles;14:00;Endoscopia;DISPONIBLE;-
Dr. Cabrera Luis;Gastroenterologo;Consultorio 38;Miercoles;15:00;Consulta;DISPONIBLE;-
Dr. Cabrera Luis;Gastroenterologo;Consultorio 38;Miercoles;15:00;Endoscopia;DISPONIBLE;-
Dr. Cabrera Luis;Gastroenterologo;Consultorio 38;Miercoles;16:00;Consulta;DISPONIBLE;-
Dr. Cabrera Luis;Gastroenterologo;Consultorio 38;Miercoles;16:00;Endoscopia;DISPONIBLE;-
Dr. Cabrera Luis;Gastroenterologo;Consultorio 38;Miercoles;17:00;Consulta;DISPONIBLE;-
Dr. Cabrera Luis;Gastroenterologo;Consultorio 38;Miercoles;17:00;Endoscopia;DISPONIBLE;-
Dr. Cabrera Luis;Gastroenterologo;Consultorio 38;Jueves;09:00;Consulta;DISPONIBLE;-
Dr. Cabrera Luis;Gastroenterologo;Consultorio 38;Jueves;09:00;Endoscopia;DISPONIBLE;-
Dr. Cabrera Luis;Gastroenterologo;Consultorio 38;Jueves;10:00;Consulta;DISPONIBLE;-
Dr. Cabrera Luis;Gastroenterologo;Consultorio 38;Jueves;10:00;Endoscopia;DISPONIBLE;-
Dr. Cabrera Luis;Gastroenterologo;Consultorio 38;Jueves;11:00;Consulta;DISPONIBLE;-
Dr. Cabrera Luis;Gastroenterologo;Consultorio 38;Jueves;11:00;Endoscopia;DISPONIBLE;-
Dr. Cabrera Luis;Gastroenterologo;Consultorio 38;Jueves;12:00;Consulta;DISPONIBLE;-
Dr. Cabrera Luis;Gastroenterologo;Consultorio 38;Jueves;12:00;Endoscopia;DISPONIBLE;-
Dr. Cabrera Luis;Gastroenterologo;Consultorio 38;Jueves;13:00;Consulta;DISPONIBLE;-
Dr. Cabrera Luis;Gastroenterologo;Consultorio 38;Jueves;13:00;Endoscopia;DISPONIBLE;-
Dr. Cabrera Luis;Gastroenterologo;Consultorio 38;Jueves;14:00;Consulta;DISPONIBLE;-
Dr. Cabrera Luis;Gastroenterologo;Consultorio 38;Jueves;14:00;Endoscopia;DISPONIBLE;-
Dr. Cabrera Luis;Gastroenterologo;Consultorio 38;Jueves;15:00;Consulta;DISPONIBLE;-
Dr. Cabrera Luis;Gastroenterologo;Consultorio 38;Jueves;15:00;Endoscopia;DISPONIBLE;-
Dr. Cabrera Luis;Gastroenterologo;Consultorio 38;Jueves;16:00;Consulta;DISPONIBLE;-
Dr. Cabrera Luis;Gastroenterologo;Consultorio 38;Jueves;16:00;Endoscopia;DISPONIBLE;-
Dr. Cabrera Luis;Gastroenterologo;Consultorio 38;Jueves;17:00;Consulta;DISPONIBLE;-
Dr. Cabrera Luis;Gastroenterologo;Consultorio 38;Jueves;17:00;Endoscopia;DISPONIBLE;-
Dr. Cabrera Luis;Gastroenterologo;Consultorio 38;Viernes;09:00;Consulta;DISPONIBLE;-
Dr. Cabrera Luis;Gastroenterologo;Consultorio 38;Viernes;09:00;Endoscopia;DISPONIBLE;-
Dr. Cabrera Luis;Gastroenterologo;Consultorio 38;Viernes;10:00;Consulta;DISPONIBLE;-
Dr. Cabrera Luis;Gastroenterologo;Consultorio 38;Viernes;10:00;Endoscopia;DISPONIBLE;-
Dr. Cabrera Luis;Gastroenterologo;Consultorio 38;Viernes;11:00;Consulta;DISPONIBLE;-
Dr. Cabrera Luis;Gastroenterologo;Consultorio 38;Viernes;11:00;Endoscopia;DISPONIBLE;-
Dr. Cabrera Luis;Gastroenterologo;Consultorio 38;Viernes;12:00;Consulta;DISPONIBLE;-
Dr. Cabrera Luis;Gastroenterologo;Consultorio 38;Viernes;12:00;Endoscopia;DISPONIBLE;-
Dr. Cabrera Luis;Gastroenterologo;Consultorio 38;Viernes;13:00;Consulta;DISPONIBLE;-
Dr. Cabrera Luis;Gastroenterologo;Consultorio 38;Viernes;13:00;Endoscopia;DISPONIBLE;-
Dr. Cabrera Luis;Gastroenterologo;Consultorio 38;Viernes;14:00;Consulta;DISPONIBLE;-
Dr. Cabrera Luis;Gastroenterologo;Consultorio 38;Viernes;14:00;Endoscopia;DISPONIBLE;-
Dr. Cabrera Luis;Gastroenterologo;Consultorio 38;Viernes;15:00;Consulta;DISPONIBLE;-
Dr. Cabrera Luis;Gastroenterologo;Consultorio 38;Viernes;15:00;Endoscopia;DISPONIBLE;-
Dr. Cabrera Luis;Gastroenterologo;Consultorio 38;Viernes;16:00;Consulta;DISPONIBLE;-
Dr. Cabrera Luis;Gastroenterologo;Consultorio 38;Viernes;16:00;Endoscopia;DISPONIBLE;-
Dr. Cabrera Luis;Gastroenterologo;Consultorio 38;Viernes;17:00;Consulta;DISPONIBLE;-
Dr. Cabrera Luis;Gastroenterologo;Consultorio 38;Viernes;17:00;Endoscopia;DISPONIBLE;-
Dra. Coellar Eduarda;Gastroenterologo;Consultorio 39;Lunes;09:00;Consulta;DISPONIBLE;-
Dra. Coellar Eduarda;Gastroenterologo;Consultorio 39;Lunes;09:00;Endoscopia;DISPONIBLE;-
Dra. Coellar Eduarda;Gastroenterologo;Consultorio 39;Lunes;10:00;Consulta;DISPONIBLE;-
Dra. Coellar Eduarda;Gastroenterologo;Consultorio 39;Lunes;10:00;Endoscopia;DISPONIBLE;-
Dra. Coellar Eduarda;Gastroenterologo;Consultorio 39;Lunes;11:00;Consulta;DISPONIBLE;-
Dra. Coellar Eduarda;Gastroenterologo;Consultorio 39;Lunes;11:00;Endoscopia;DISPONIBLE;-
Dra. Coellar Eduarda;Gastroenterologo;Consultorio 39;Lunes;12:00;Consulta;DISPONIBLE;-
Dra. Coellar Eduarda;Gastroenterologo;Consultorio 39;Lunes;12:00;Endoscopia;DISPONIBLE;-
Dra. Coellar Eduarda;Gastroenterologo;Consultorio 39;Lunes;13:00;Consulta;DISPONIBLE;-
Dra. Coellar Eduarda;Gastroenterologo;Consultorio 39;Lunes;13:00;Endoscopia;DISPONIBLE;-
Dra. Coellar Eduarda;Gastroenterologo;Consultorio 39;Lunes;14:00;Consulta;DISPONIBLE;-
Dra. Coellar Eduarda;Gastroenterologo;Consultorio 39;Lunes;14:00;Endoscopia;DISPONIBLE;-
Dra. Coellar Eduarda;Gastroenterologo;Consultorio 39;Lunes;15:00;Consulta;DISPONIBLE;-
Dra. Coellar Eduarda;Gastroenterologo;Consultorio 39;Lunes;15:00;Endoscopia;DISPONIBLE;-
Dra. Coellar Eduarda;Gastroenterologo;Consultorio 39;Lunes;16:00;Consulta;DISPONIBLE;-
Dra. Coellar Eduarda;Gastroenterologo;Consultorio 39;Lunes;16:00;Endoscopia;DISPONIBLE;-
Dra. Coellar Eduarda;Gastroenterologo;Consultorio 39;Lunes;17:00;Consulta;DISPONIBLE;-
Dra. Coellar Eduarda;Gastroenterologo;Consultorio 39;Lunes;17:00;Endoscopia;DISPONIBLE;-
Dra. Coellar Eduarda;Gastroenterologo;Consultorio 39;Martes;09:00;Consulta;DISPONIBLE;-
Dra. Coellar Eduarda;Gastroenterologo;Consultorio 39;Martes;09:00;Endoscopia;DISPONIBLE;-
Dra. Coellar Eduarda;Gastroenterologo;Consultorio 39;Martes;10:00;Consulta;DISPONIBLE;-
Dra. Coellar Eduarda;Gastroenterologo;Consultorio 39;Martes;10:00;Endoscopia;DISPONIBLE;-
Dra. Coellar Eduarda;Gastroenterologo;Consultorio 39;Martes;11:00;Consulta;DISPONIBLE;-
Dra. Coellar Eduarda;Gastroenterologo;Consultorio 39;Martes;11:00;Endoscopia;DISPONIBLE;-
Dra. Coellar Eduarda;Gastroenterologo;Consultorio 39;Martes;12:00;Consulta;DISPONIBLE;-
Dra. Coellar Eduarda;Gastroenterologo;Consultorio 39;Martes;12:00;Endoscopia;DISPONIBLE;-
Dra. Coellar Eduarda;Gastroenterologo;Consultorio 39;Martes;13:00;Consulta;DISPONIBLE;-
Dra. Coellar Eduarda;Gastroenterologo;Consultorio 39;Martes;13:00;Endoscopia;DISPONIBLE;-
Dra. Coellar Eduarda;Gastroenterologo;Consultorio 39;Martes;14:00;Consulta;DISPONIBLE;-
Dra. Coellar Eduarda;Gastroenterologo;Consultorio 39;Martes;14:00;Endoscopia;DISPONIBLE;-
Dra. Coellar Eduarda;Gastroenterologo;Consultorio 39;Martes;15:00;Consulta;DISPONIBLE;-
Dra. Coellar Eduarda;Gastroenterologo;Consultorio 39;Martes;15:00;Endoscopia;DISPONIBLE;-
Dra. Coellar Eduarda;Gastroenterologo;Consultorio 39;Martes;16:00;Consulta;DISPONIBLE;-
Dra. Coellar Eduarda;Gastroenterologo;Consultorio 39;Martes;16:00;Endoscopia;DISPONIBLE;-
Dra. Coellar Eduarda;Gastroenterologo;Consultorio 39;Martes;17:00;Consulta;DISPONIBLE;-
Dra. Coellar Eduarda;Gastroenterologo;Consultorio 39;Martes;17:00;Endoscopia;DISPONIBLE;-
Dra. Coellar Eduarda;Gastroenterologo;Consultorio 39;Miercoles;09:00;Consulta;DISPONIBLE;-
Dra. Coellar Eduarda;Gastroenterologo;Consultorio 39;Miercoles;09:00;Endoscopia;DISPONIBLE;-
Dra. Coellar Eduarda;Gastroenterologo;Consultorio 39;Miercoles;10:00;Consulta;DISPONIBLE;-
Dra. Coellar Eduarda;Gastroenterologo;Consultorio 39;Miercoles;10:00;Endoscopia;DISPONIBLE;-
Dra. Coellar Eduarda;Gastroenterologo;Consultorio 39;Miercoles;11:00;Consulta;DISPONIBLE;-
Dra. Coellar Eduarda;Gastroenterologo;Consultorio 39;Miercoles;11:00;Endoscopia;DISPONIBLE;-
Dra. Coellar Eduarda;Gastroenterologo;Consultorio 39;Miercoles;12:00;Consulta;DISPONIBLE;-
Dra. Coellar Eduarda;Gastroenterologo;Consultorio 39;Miercoles;12:00;Endoscopia;DISPONIBLE;-
Dra. Coellar Eduarda;Gastroenterologo;Consultorio 39;Miercoles;13:00;Consulta;DISPONIBLE;-
Dra. Coellar Eduarda;Gastroenterologo;Consultorio 39;Miercoles;13:00;Endoscopia;DISPONIBLE;-
Dra. Coellar Eduarda;Gastroenterologo;Consultorio 39;Miercoles;14:00;Consulta;DISPONIBLE;-
Dra. Coellar Eduarda;Gastroenterologo;Consultorio 39;Miercoles;14:00;Endoscopia;DISPONIBLE;-
Dra. Coellar Eduarda;Gastroenterologo;Consultorio 39;Miercoles;15:00;Consulta;DISPONIBLE;-
Dra. Coellar Eduarda;Gastroenterologo;Consultorio 39;Miercoles;15:00;Endoscopia;DISPONIBLE;-
Dra. Coellar Eduarda;Gastroenterologo;Consultorio 39;Miercoles;16:00;Consulta;DISPONIBLE;-
Dra. Coellar Eduarda;Gastroenterologo;Consultorio 39;Miercoles;16:00;Endoscopia;DISPONIBLE;-
Dra. Coellar Eduarda;Gastroenterologo;Consultorio 39;Miercoles;17:00;Consulta;DISPONIBLE;-
Dra. Coellar Eduarda;Gastroenterologo;Consultorio 39;Miercoles;17:00;Endoscopia;DISPONIBLE;-
Dra. Coellar Eduarda;Gastroenterologo;Consultorio 39;Jueves;09:00;Consulta;DISPONIBLE;-
Dra. Coellar Eduarda;Gastroenterologo;Consultorio 39;Jueves;09:00;Endoscopia;DISPONIBLE;-
Dra. Coellar Eduarda;Gastroenterologo;Consultorio 39;Jueves;10:00;Consulta;DISPONIBLE;-
Dra. Coellar Eduarda;Gastroenterologo;Consultorio 39;Jueves;10:00;Endoscopia;DISPONIBLE;-
Dra. Coellar Eduarda;Gastroenterologo;Consultorio 39;Jueves;11:00;Consulta;DISPONIBLE;-
Dra. Coellar Eduarda;Gastroenterologo;Consultorio 39;Jueves;11:00;Endoscopia;DISPONIBLE;-
Dra. Coellar Eduarda;Gastroenterologo;Consultorio 39;Jueves;12:00;Consulta;DISPONIBLE;-
Dra. Coellar Eduarda;Gastroenterologo;Consultorio 39;Jueves;12:00;Endoscopia;DISPONIBLE;-
Dra. Coellar Eduarda;Gastroenterologo;Consultorio 39;Jueves;13:00;Consulta;DISPONIBLE;-
Dra. Coellar Eduarda;Gastroenterologo;Consultorio 39;Jueves;13:00;Endoscopia;DISPONIBLE;-
Dra. Coellar Eduarda;Gastroenterologo;Consultorio 39;Jueves;14:00;Consulta;DISPONIBLE;-
Dra. Coellar Eduarda;Gastroenterologo;Consultorio 39;Jueves;14:00;Endoscopia;DISPONIBLE;-
Dra. Coellar Eduarda;Gastroenterologo;Consultorio 39;Jueves;15:00;Consulta;DISPONIBLE;-
Dra. Coellar Eduarda;Gastroenterologo;Consultorio 39;Jueves;15:00;Endoscopia;DISPONIBLE;-
Dra. Coellar Eduarda;Gastroenterologo;Consultorio 39;Jueves;16:00;Consulta;DISPONIBLE;-
Dra. Coellar Eduarda;Gastroenterologo;Consultorio 39;Jueves;16:00;Endoscopia;DISPONIBLE;-
Dra. Coellar Eduarda;Gastroenterologo;Consultorio 39;Jueves;17:00;Consulta;DISPONIBLE;-
Dra. Coellar Eduarda;Gastroenterologo;Consultorio 39;Jueves;17:00;Endoscopia;DISPONIBLE;-
Dra. Coellar Eduarda;Gastroenterologo;Consultorio 39;Viernes;09:00;Consulta;DISPONIBLE;-
Dra. Coellar Eduarda;Gastroenterologo;Consultorio 39;Viernes;09:00;Endoscopia;DISPONIBLE;-
Dra. Coellar Eduarda;Gastroenterologo;Consultorio 39;Viernes;10:00;Consulta;DISPONIBLE;-
Dra. Coellar Eduarda;Gastroenterologo;Consultorio 39;Viernes;10:00;Endoscopia;DISPONIBLE;-
Dra. Coellar Eduarda;Gastroenterologo;Consultorio 39;Viernes;11:00;Consulta;DISPONIBLE;-
Dra. Coellar Eduarda;Gastroenterologo;Consultorio 39;Viernes;11:00;Endoscopia;DISPONIBLE;-
Dra. Coellar Eduarda;Gastroenterologo;Consultorio 39;Viernes;12:00;Consulta;DISPONIBLE;-
Dra. Coellar Eduarda;Gastroenterologo;Consultorio 39;Viernes;12:00;Endoscopia;DISPONIBLE;-
Dra. Coellar Eduarda;Gastroenterologo;Consultorio 39;Viernes;13:00;Consulta;DISPONIBLE;-
Dra. Coellar Eduarda;Gastroenterologo;Consultorio 39;Viernes;13:00;Endoscopia;DISPONIBLE;-
Dra. Coellar Eduarda;Gastroenterologo;Consultorio 39;Viernes;14:00;Consulta;DISPONIBLE;-
Dra. Coellar Eduarda;Gastroenterologo;Consultorio 39;Viernes;14:00;Endoscopia;DISPONIBLE;-
Dra. Coellar Eduarda;Gastroenterologo;Consultorio 39;Viernes;15:00;Consulta;DISPONIBLE;-
Dra. Coellar Eduarda;Gastroenterologo;Consultorio 39;Viernes;15:00;Endoscopia;DISPONIBLE;-
Dra. Coellar Eduarda;Gastroenterologo;Consultorio 39;Viernes;16:00;Consulta;DISPONIBLE;-
Dra. Coellar Eduarda;Gastroenterologo;Consultorio 39;Viernes;16:00;Endoscopia;DISPONIBLE;-
Dra. Coellar Eduarda;Gastroenterologo;Consultorio 39;Viernes;17:00;Consulta;DISPONIBLE;-
Dra. Coellar Eduarda;Gastroenterologo;Consultorio 39;Viernes;17:00;Endoscopia;DISPONIBLE;-
Dr. Ruiz Pedro;Gastroenterologo;Consultorio 40;Lunes;09:00;Consulta;DISPONIBLE;-
Dr. Ruiz Pedro;Gastroenterologo;Consultorio 40;Lunes;09:00;Endoscopia;DISPONIBLE;-
Dr. Ruiz Pedro;Gastroenterologo;Consultorio 40;Lunes;10:00;Consulta;DISPONIBLE;-
Dr. Ruiz Pedro;Gastroenterologo;Consultorio 40;Lunes;10:00;Endoscopia;DISPONIBLE;-
Dr. Ruiz Pedro;Gastroenterologo;Consultorio 40;Lunes;11:00;Consulta;DISPONIBLE;-
Dr. Ruiz Pedro;Gastroenterologo;Consultorio 40;Lunes;11:00;Endoscopia;DISPONIBLE;-
Dr. Ruiz Pedro;Gastroenterologo;Consultorio 40;Lunes;12:00;Consulta;DISPONIBLE;-
Dr. Ruiz Pedro;Gastroenterologo;Consultorio 40;Lunes;12:00;Endoscopia;DISPONIBLE;-
Dr. Ruiz Pedro;Gastroenterologo;Consultorio 40;Lunes;13:00;Consulta;DISPONIBLE;-
Dr. Ruiz Pedro;Gastroenterologo;Consultorio 40;Lunes;13:00;Endoscopia;DISPONIBLE;-
Dr. Ruiz Pedro;Gastroenterologo;Consultorio 40;Lunes;14:00;Consulta;DISPONIBLE;-
Dr. Ruiz Pedro;Gastroenterologo;Consultorio 40;Lunes;14:00;Endoscopia;DISPONIBLE;-
Dr. Ruiz Pedro;Gastroenterologo;Consultorio 40;Lunes;15:00;Consulta;DISPONIBLE;-
Dr. Ruiz Pedro;Gastroenterologo;Consultorio 40;Lunes;15:00;Endoscopia;DISPONIBLE;-
Dr. Ruiz Pedro;Gastroenterologo;Consultorio 40;Lunes;16:00;Consulta;DISPONIBLE;-
Dr. Ruiz Pedro;Gastroenterologo;Consultorio 40;Lunes;16:00;Endoscopia;DISPONIBLE;-
Dr. Ruiz Pedro;Gastroenterologo;Consultorio 40;Lunes;17:00;Consulta;DISPONIBLE;-
Dr. Ruiz Pedro;Gastroenterologo;Consultorio 40;Lunes;17:00;Endoscopia;DISPONIBLE;-
Dr. Ruiz Pedro;Gastroenterologo;Consultorio 40;Martes;09:00;Consulta;DISPONIBLE;-
Dr. Ruiz Pedro;Gastroenterologo;Consultorio 40;Martes;09:00;Endoscopia;DISPONIBLE;-
Dr. Ruiz Pedro;Gastroenterologo;Consultorio 40;Martes;10:00;Consulta;DISPONIBLE;-
Dr. Ruiz Pedro;Gastroenterologo;Consultorio 40;Martes;10:00;Endoscopia;DISPONIBLE;-
Dr. Ruiz Pedro;Gastroenterologo;Consultorio 40;Martes;11:00;Consulta;DISPONIBLE;-
Dr. Ruiz Pedro;Gastroenterologo;Consultorio 40;Martes;11:00;Endoscopia;DISPONIBLE;-
Dr. Ruiz Pedro;Gastroenterologo;Consultorio 40;Martes;12:00;Consulta;DISPONIBLE;-
Dr. Ruiz Pedro;Gastroenterologo;Consultorio 40;Martes;12:00;Endoscopia;DISPONIBLE;-
Dr. Ruiz Pedro;Gastroenterologo;Consultorio 40;Martes;13:00;Consulta;DISPONIBLE;-
Dr. Ruiz Pedro;Gastroenterologo;Consultorio 40;Martes;13:00;Endoscopia;DISPONIBLE;-
Dr. Ruiz Pedro;Gastroenterologo;Consultorio 40;Martes;14:00;Consulta;DISPONIBLE;-
Dr. Ruiz Pedro;Gastroenterologo;Consultorio 40;Martes;14:00;Endoscopia;DISPONIBLE;-
Dr. Ruiz Pedro;Gastroenterologo;Consultorio 40;Martes;15:00;Consulta;DISPONIBLE;-
Dr. Ruiz Pedro;Gastroenterologo;Consultorio 40;Martes;15:00;Endoscopia;DISPONIBLE;-
Dr. Ruiz Pedro;Gastroenterologo;Consultorio 40;Martes;16:00;Consulta;DISPONIBLE;-
Dr. Ruiz Pedro;Gastroenterologo;Consultorio 40;Martes;16:00;Endoscopia;DISPONIBLE;-
Dr. Ruiz Pedro;Gastroenterologo;Consultorio 40;Martes;17:00;Consulta;DISPONIBLE;-
Dr. Ruiz Pedro;Gastroenterologo;Consultorio 40;Martes;17:00;Endoscopia;DISPONIBLE;-
Dr. Ruiz Pedro;Gastroenterologo;Consultorio 40;Miercoles;09:00;Consulta;DISPONIBLE;-
Dr. Ruiz Pedro;Gastroenterologo;Consultorio 40;Miercoles;09:00;Endoscopia;DISPONIBLE;-
Dr. Ruiz Pedro;Gastroenterologo;Consultorio 40;Miercoles;10:00;Consulta;DISPONIBLE;-
Dr. Ruiz Pedro;Gastroenterologo;Consultorio 40;Miercoles;10:00;Endoscopia;DISPONIBLE;-
Dr. Ruiz Pedro;Gastroenterologo;Consultorio 40;Miercoles;11:00;Consulta;DISPONIBLE;-
Dr. Ruiz Pedro;Gastroenterologo;Consultorio 40;Miercoles;11:00;Endoscopia;DISPONIBLE;-
Dr. Ruiz Pedro;Gastroenterologo;Consultorio 40;Miercoles;12:00;Consulta;DISPONIBLE;-
Dr. Ruiz Pedro;Gastroenterologo;Consultorio 40;Miercoles;12:00;Endoscopia;DISPONIBLE;-
Dr. Ruiz Pedro;Gastroenterologo;Consultorio 40;Miercoles;13:00;Consulta;DISPONIBLE;-
Dr. Ruiz Pedro;Gastroenterologo;Consultorio 40;Miercoles;13:00;Endoscopia;DISPONIBLE;-
Dr. Ruiz Pedro;Gastroenterologo;Consultorio 40;Miercoles;14:00;Consulta;DISPONIBLE;-
Dr. Ruiz Pedro;Gastroenterologo;Consultorio 40;Miercoles;14:00;Endoscopia;DISPONIBLE;-
Dr. Ruiz Pedro;Gastroenterologo;Consultorio 40;Miercoles;15:00;Consulta;DISPONIBLE;-
Dr. Ruiz Pedro;Gastroenterologo;Consultorio 40;Miercoles;15:00;Endoscopia;DISPONIBLE;-
Dr. Ruiz Pedro;Gastroenterologo;Consultorio 40;Miercoles;16:00;Consulta;DISPONIBLE;-
Dr. Ruiz Pedro;Gastroenterologo;Consultorio 40;Miercoles;16:00;Endoscopia;DISPONIBLE;-
Dr. Ruiz Pedro;Gastroenterologo;Consultorio 40;Miercoles;17:00;Consulta;DISPONIBLE;-
Dr. Ruiz Pedro;Gastroenterologo;Consultorio 40;Miercoles;17:00;Endoscopia;DISPONIBLE;-
Dr. Ruiz Pedro;Gastroenterologo;Consultorio 40;Jueves;09:00;Consulta;DISPONIBLE;-
Dr. Ruiz Pedro;Gastroenterologo;Consultorio 40;Jueves;09:00;Endoscopia;DISPONIBLE;-
Dr. Ruiz Pedro;Gastroenterologo;Consultorio 40;Jueves;10:00;Consulta;DISPONIBLE;-
Dr. Ruiz Pedro;Gastroenterologo;Consultorio 40;Jueves;10:00;Endoscopia;DISPONIBLE;-
Dr. Ruiz Pedro;Gastroenterologo;Consultorio 40;Jueves;11:00;Consulta;DISPONIBLE;-
Dr. Ruiz Pedro;Gastroenterologo;Consultorio 40;Jueves;11:00;Endoscopia;DISPONIBLE;-
Dr. Ruiz Pedro;Gastroenterologo;Consultorio 40;Jueves;12:00;Consulta;DISPONIBLE;-
Dr. Ruiz Pedro;Gastroenterologo;Consultorio 40;Jueves;12:00;Endoscopia;DISPONIBLE;-
Dr. Ruiz Pedro;Gastroenterologo;Consultorio 40;Jueves;13:00;Consulta;DISPONIBLE;-
Dr. Ruiz Pedro;Gastroenterologo;Consultorio 40;Jueves;13:00;Endoscopia;DISPONIBLE;-
Dr. Ruiz Pedro;Gastroenterologo;Consultorio 40;Jueves;14:00;Consulta;DISPONIBLE;-
Dr. Ruiz Pedro;Gastroenterologo;Consultorio 40;Jueves;14:00;Endoscopia;DISPONIBLE;-
Dr. Ruiz Pedro;Gastroenterologo;Consultorio 40;Jueves;15:00;Consulta;DISPONIBLE;-
Dr. Ruiz Pedro;Gastroenterologo;Consultorio 40;Jueves;15:00;Endoscopia;DISPONIBLE;-
Dr. Ruiz Pedro;Gastroenterologo;Consultorio 40;Jueves;16:00;Consulta;DISPONIBLE;-
Dr. Ruiz Pedro;Gastroenterologo;Consultorio 40;Jueves;16:00;Endoscopia;DISPONIBLE;-
Dr. Ruiz Pedro;Gastroenterologo;Consultorio 40;Jueves;17:00;Consulta;DISPONIBLE;-
Dr. Ruiz Pedro;Gastroenterologo;Consultorio 40;Jueves;17:00;Endoscopia;DISPONIBLE;-
Dr. Ruiz Pedro;Gastroenterologo;Consultorio 40;Viernes;09:00;Consulta;DISPONIBLE;-
Dr. Ruiz Pedro;Gastroenterologo;Consultorio 40;Viernes;09:00;Endoscopia;DISPONIBLE;-
Dr. Ruiz Pedro;Gastroenterologo;Consultorio 40;Viernes;10:00;Consulta;DISPONIBLE;-
Dr. Ruiz Pedro;Gastroenterologo;Consultorio 40;Viernes;10:00;Endoscopia;DISPONIBLE;-
Dr. Ruiz Pedro;Gastroenterologo;Consultorio 40;Viernes;11:00;Consulta;DISPONIBLE;-
Dr. Ruiz Pedro;Gastroenterologo;Consultorio 40;Viernes;11:00;Endoscopia;DISPONIBLE;-
Dr. Ruiz Pedro;Gastroenterologo;Consultorio 40;Viernes;12:00;Consulta;DISPONIBLE;-
Dr. Ruiz Pedro;Gastroenterologo;Consultorio 40;Viernes;12:00;Endoscopia;DISPONIBLE;-
Dr. Ruiz Pedro;Gastroenterologo;Consultorio 40;Viernes;13:00;Consulta;DISPONIBLE;-
Dr. Ruiz Pedro;Gastroenterologo;Consultorio 40;Viernes;13:00;Endoscopia;DISPONIBLE;-
Dr. Ruiz Pedro;Gastroenterologo;Consultorio 40;Viernes;14:00;Consulta;DISPONIBLE;-
Dr. Ruiz Pedro;Gastroenterologo;Consultorio 40;Viernes;14:00;Endoscopia;DISPONIBLE;-
Dr. Ruiz Pedro;Gastroenterologo;Consultorio 40;Viernes;15:00;Consulta;DISPONIBLE;-
Dr. Ruiz Pedro;Gastroenterologo;Consultorio 40;Viernes;15:00;Endoscopia;DISPONIBLE;-
Dr. Ruiz Pedro;Gastroenterologo;Consultorio 40;Viernes;16:00;Consulta;DISPONIBLE;-
Dr. Ruiz Pedro;Gastroenterologo;Consultorio 40;Viernes;16:00;Endoscopia;DISPONIBLE;-
Dr. Ruiz Pedro;Gastroenterologo;Consultorio 40;Viernes;17:00;Consulta;DISPONIBLE;-
Dr. Ruiz Pedro;Gastroenterologo;Consultorio 40;Viernes;17:00;Endoscopia;DISPONIBLE;-
